<core:FragmentDefinition
    xmlns="sap.m"
    xmlns:m="sap.m"
    xmlns:core="sap.ui.core"
    xmlns:smartForm="sap.ui.comp.smartform"
    xmlns:smartField="sap.ui.comp.smartfield"
    xmlns:app="http://schemas.sap.com/sapui5/extension/sap.ui.core.CustomData/1"
>
    <!-- Default SmartForm for non-excluded company codes (E0007 layout) -->
    <smartForm:SmartForm
        id="SmartForm"
        app:defaultCheckBoxDisplayBehaviour="YesNo"
        app:defaultDropDownDisplayBehaviour="descriptionOnly"
        editTogglable="false"
        validationMode="Async"
        editable="true"
    >
        <smartForm:layout>
            <smartForm:Layout
                columnsL="3"
                columnsM="3"
            />
        </smartForm:layout>
        <smartForm:Group>
            <smartForm:GroupElement>
                <smartField:SmartField
                    editable='{Mode>/IsUpdatable}'
                    id="PCStatus"
                    value="{PCStatus}"
                />
            </smartForm:GroupElement>
            <smartForm:GroupElement>
                <smartField:SmartField
                    id="ProjectDescription"
                    value="{ProjectDescription}"
                />
            </smartForm:GroupElement>
            <smartForm:GroupElement>
                <smartField:SmartField
                    id="Supplier"
                    value="{SupplierName}"
                />
            </smartForm:GroupElement>
            <smartForm:GroupElement>
                <smartField:SmartField
                    id="PCType"
                    value="{PCType}"
                />
            </smartForm:GroupElement>
            <smartForm:GroupElement>
                <smartField:SmartField
                    id="PCAddr"
                    value="{PCAddr}"
                />
            </smartForm:GroupElement>
            <smartForm:GroupElement>
                <smartField:SmartField
                    id="PurchaseOrderItemText"
                    value="{PurchaseOrderItemText}"
                />
            </smartForm:GroupElement>
            <smartForm:GroupElement>
                <smartField:SmartField
                    id="PCOgVal"
                    value="{PCOgVal}"
                    uomEditable="false"
                    editable="false"
                />
            </smartForm:GroupElement>
            <smartForm:GroupElement>
                <smartField:SmartField
                    id="PCVarAd"
                    value="{PCVarAd}"
                    uomEditable="false"
                    editable="false"
                />
            </smartForm:GroupElement>
            <smartForm:GroupElement>
                <smartField:SmartField
                    id="PCTotVal"
                    value="{PCTotVal}"
                    changeModelValue="onChangeCurrency"
                    uomEditable="false"
                />
            </smartForm:GroupElement>
            <smartForm:GroupElement>
                <smartField:SmartField
                    id="PCMonth"
                    value="{
                        path: 'PCMonth',
                        type: 'sap.ui.model.odata.type.DateTime',
                        formatOptions: {
                            'UTC': true,
                            pattern: 'yyyy-MM'
                        }
                    }"
                />
            </smartForm:GroupElement>
            <smartForm:GroupElement>
                <smartField:SmartField
                    id="PCCtrIns"
                    value="{PCCtrIns}"
                />
            </smartForm:GroupElement>
            <smartForm:GroupElement>
                <smartField:SmartField
                    id="PCPaySec"
                    value="{PCPaySec}"
                    changeModelValue="onChangeCurrency"
                    uomEditable="false"
                />
            </smartForm:GroupElement>
            <smartForm:GroupElement>
                <smartField:SmartField
                    id="PCAdvPayChq"
                    value="{PCAdvPayChq}"
                />
            </smartForm:GroupElement>
            <smartForm:GroupElement>
                <smartField:SmartField
                    id="PCAdvPayBng"
                    value="{PCAdvPayBng}"
                />
            </smartForm:GroupElement>
            <smartForm:GroupElement>
                <smartField:SmartField
                    id="PCPerBnk"
                    value="{PCPerBnk}"
                    changeModelValue="onChangeCurrency"
                    uomEditable="false"
                />
            </smartForm:GroupElement>
            <smartForm:GroupElement>
                <smartField:SmartField
                    id="PCDueDate"
                    value="{PCDueDate}"
                />
            </smartForm:GroupElement>
            <smartForm:GroupElement>
                <smartField:SmartField
                    id="PCText"
                    value="{PCText}"
                    app:multiLineSettings="{width: '100%', rows: 3, showExceededText: true}"
                />
            </smartForm:GroupElement>
        </smartForm:Group>
        <smartForm:Group>
            <smartForm:GroupElement>
                <smartField:SmartField
                    id="PCCrtd"
                    value="{PCCrtd}"
                />
            </smartForm:GroupElement>
            <smartForm:GroupElement>
                <smartField:SmartField
                    id="Project"
                    value="{Project}"
                />
            </smartForm:GroupElement>
            <smartForm:GroupElement>
                <smartField:SmartField
                    id="PCNumber"
                    value="{PCNumber}"
                />
            </smartForm:GroupElement>
            <smartForm:GroupElement>
                <smartField:SmartField
                    id="PCNumberEntered"
                    value="{PCNumberEntered}"
                />
            </smartForm:GroupElement>
            <smartForm:GroupElement>
                <smartField:SmartField
                    id="PurchaseOrder"
                    value="{PurchaseOrder}"
                />
            </smartForm:GroupElement>
            <smartForm:GroupElement />
            <smartForm:GroupElement>
                <smartField:SmartField
                    id="PerformancePeriodStartDate"
                    value="{PerformancePeriodStartDate}"
                />
            </smartForm:GroupElement>
            <smartForm:GroupElement>
                <smartField:SmartField
                    id="PerformancePeriodEndDate"
                    value="{PerformancePeriodEndDate}"
                />
            </smartForm:GroupElement>
            <smartForm:GroupElement>
                <smartField:SmartField
                    id="PCPayTerm"
                    value="{PCPayTerm}"
                />
            </smartForm:GroupElement>
            <smartForm:GroupElement>
                <smartField:SmartField
                    id="PCAmndPayTerm"
                    value="{PCAmndPayTerm}"
                />
            </smartForm:GroupElement>
            <smartForm:GroupElement>
                <smartField:SmartField
                    id="PCPaymenB2B"
                    value="{PCPaymenB2B}"
                />
            </smartForm:GroupElement>
            <smartForm:GroupElement>
                <smartField:SmartField
                    id="PCPaymenUrg"
                    value="{PCPaymenUrg}"
                />
            </smartForm:GroupElement>
            <smartForm:GroupElement>
                <smartField:SmartField
                    id="PCCrTpl"
                    value="{PCCrTpl}"
                />
            </smartForm:GroupElement>
            <smartForm:GroupElement>
                <smartField:SmartField
                    id="PCWrkCpm"
                    value="{PCWrkCpm}"
                />
            </smartForm:GroupElement>
            <smartForm:GroupElement>
                <smartField:SmartField
                    id="PCAdvPayBngD"
                    value="{PCAdvPayBngD}"
                />
            </smartForm:GroupElement>
            <smartForm:GroupElement>
                <smartField:SmartField
                    id="PCPaySecD"
                    value="{PCPaySecD}"
                />
            </smartForm:GroupElement>
            <smartForm:GroupElement>
                <smartField:SmartField
                    id="PCQc"
                    value="{PCQc}"
                />
            </smartForm:GroupElement>
        </smartForm:Group>
        <smartForm:Group>
            <smartForm:GroupElement>
                <!-- Empty group element -->
            </smartForm:GroupElement>
        </smartForm:Group>
    </smartForm:SmartForm>
</core:FragmentDefinition>
